text,links,images
© 2025 freelance.ru,,
,['//freelance.ru/rss/'],['https://cdn.freelance.ru/img/rss_feed.png']
Возможности,['/page/how-to/employer.html'],
,['/shop/index'],
Виртуальный помощник,['/asst'],
,['/faq/index/view_category/id/10'],
,['/freelancers/search/simple'],
,['/rules.html'],
,['/offer.html'],
Политика конфиденциальности,['/privacy.html'],
Безопасная сделка,['/pages/safe-transfer.html'],
Найти работу,['/project/search'],
Разместить задание,['/project/create'],
ЗаказчикуРазместить заданиеПровести конкурсКаталог фрилансеровКаталог услугМаркетплейсБезопасная сделкаВозможности для заказчикаГалерея работЛента заданий,"['/project/create', '/project/create', '/tender/contest', '/freelancers/', '/offer/', '/market', '/pages/safe-transfer.html', '/page/how-to/employer.html', '/portfolio/gallery/list', '/project/search']",
Разместить задание,['/project/create'],
Провести конкурс,['/tender/contest'],
Каталог фрилансеров,['/freelancers/'],
Каталог услуг,['/offer/'],
Маркетплейс,['/market'],
Безопасная сделка,['/pages/safe-transfer.html'],
Возможности для заказчика,['/page/how-to/employer.html'],
Галерея работ,['/portfolio/gallery/list'],
Лента заданий,['/project/search'],
ФрилансеруНайти работуПремиум аккаунтыПродвижение профиляПромо-заявкиБезопасная сделкаРазместить услугуПродать готовую работуУчаствовать в конкурсеНайти партнера/ментораnewГалерея работС чего начать,"['/project/search', '/project/search', '/shop/index', '/shop/index#services', '/project/autoreply/', '/pages/safe-transfer.html', '/offer/my', '/market', '/tender/contest', '/partners/', '/portfolio/gallery/list', '/page/how-to/freelancer.html']",
Найти работу,['/project/search'],
Премиум аккаунты,['/shop/index'],
Продвижение профиля,['/shop/index#services'],
Промо-заявки,['/project/autoreply/'],
Безопасная сделка,['/pages/safe-transfer.html'],
Разместить услугуПродать готовую работуУчаствовать в конкурсеНайти партнера/ментораnewГалерея работС чего начать,"['/offer/my', '/market', '/tender/contest', '/partners/', '/portfolio/gallery/list', '/page/how-to/freelancer.html']",
Разместить услугу,['/offer/my'],
Продать готовую работу,['/market'],
Участвовать в конкурсе,['/tender/contest'],
Найти партнера/ментораnew,['/partners/'],
Галерея работ,['/portfolio/gallery/list'],
С чего начать,['/page/how-to/freelancer.html'],
,['/login/'],
